{"tax_offices": [{"county_abbrevation": "bw", "name": "Baden-W\u00fcrttemberg", "tax_offices": [{"name": "Finanzamt Offenburg Au\u00dfenstelle Achern", "bufa_nr": "2801"}, {"name": "Finanzamt Villingen-Schwenningen Au\u00dfenstelle Donaueschingen", "bufa_nr": "2804"}, {"name": "Finanzamt Emmendingen", "bufa_nr": "2805"}, {"name": "Finanzamt Freiburg-Stadt", "bufa_nr": "2806"}, {"name": "Finanzamt Freiburg-Land", "bufa_nr": "2807"}, {"name": "Finanzamt Offenburg Au\u00dfenstelle Kehl", "bufa_nr": "2808"}, {"name": "Finanzamt Konstanz", "bufa_nr": "2809"}, {"name": "Finanzamt Lahr", "bufa_nr": "2810"}, {"name": "Finanzamt L\u00f6rrach", "bufa_nr": "2811"}, {"name": "Finanzamt M\u00fcllheim", "bufa_nr": "2812"}, {"name": "Finanzamt Freiburg-Land Au\u00dfenstelle Titisee-Neustadt", "bufa_nr": "2813"}, {"name": "Finanzamt Offenburg", "bufa_nr": "2814"}, {"name": "Finanzamt Rottweil Au\u00dfenstelle Oberndorf", "bufa_nr": "2815"}, {"name": "Finanzamt Waldshut-Tiengen Au\u00dfenstelle Bad S\u00e4ckingen", "bufa_nr": "2816"}, {"name": "Finanzamt Singen", "bufa_nr": "2818"}, {"name": "Finanzamt Rottweil", "bufa_nr": "2819"}, {"name": "Finanzamt Waldshut-Tiengen", "bufa_nr": "2820"}, {"name": "Finanzamt Tuttlingen", "bufa_nr": "2821"}, {"name": "Finanzamt Villingen-Schwenningen", "bufa_nr": "2822"}, {"name": "Finanzamt Offenburg Au\u00dfenstelle Wolfach", "bufa_nr": "2823"}, {"name": "Finanzamt Bruchsal", "bufa_nr": "2830"}, {"name": "Finanzamt Ettlingen", "bufa_nr": "2831"}, {"name": "Finanzamt Heidelberg", "bufa_nr": "2832"}, {"name": "Finanzamt Baden-Baden", "bufa_nr": "2833"}, {"name": "Finanzamt Karlsruhe-Durlach", "bufa_nr": "2834"}, {"name": "Finanzamt Karlsruhe-Stadt", "bufa_nr": "2835"}, {"name": "Finanzamt Baden-Baden Au\u00dfenstelle B\u00fchl", "bufa_nr": "2836"}, {"name": "Finanzamt Mannheim-Neckarstadt", "bufa_nr": "2837"}, {"name": "Finanzamt Mannheim-Stadt", "bufa_nr": "2838"}, {"name": "Finanzamt Rastatt", "bufa_nr": "2839"}, {"name": "Finanzamt Mosbach", "bufa_nr": "2840"}, {"name": "Finanzamt Pforzheim", "bufa_nr": "2841"}, {"name": "Finanzamt Freudenstadt", "bufa_nr": "2842"}, {"name": "Finanzamt Schwetzingen", "bufa_nr": "2843"}, {"name": "Finanzamt Sinsheim", "bufa_nr": "2844"}, {"name": "Finanzamt Calw", "bufa_nr": "2845"}, {"name": "Finanzamt Mosbach Au\u00dfenstelle Walld\u00fcrn", "bufa_nr": "2846"}, {"name": "Finanzamt Weinheim", "bufa_nr": "2847"}, {"name": "Finanzamt M\u00fchlacker", "bufa_nr": "2848"}, {"name": "Finanzamt Pforzheim Au\u00dfenstelle Neuenb\u00fcrg", "bufa_nr": "2849"}, {"name": "Finanzamt Aalen", "bufa_nr": "2850"}, {"name": "Finanzamt Backnang", "bufa_nr": "2851"}, {"name": "Finanzamt Tauberbischofsheim Au\u00dfenstelle Bad Mergentheim", "bufa_nr": "2852"}, {"name": "Finanzamt Balingen", "bufa_nr": "2853"}, {"name": "Finanzamt Biberach", "bufa_nr": "2854"}, {"name": "Finanzamt Bietigheim-Bissingen", "bufa_nr": "2855"}, {"name": "Finanzamt B\u00f6blingen", "bufa_nr": "2856"}, {"name": "Finanzamt Schw\u00e4bisch Hall Au\u00dfenstelle Crailsheim", "bufa_nr": "2857"}, {"name": "Finanzamt Ehingen", "bufa_nr": "2858"}, {"name": "Finanzamt Esslingen", "bufa_nr": "2859"}, {"name": "Finanzamt Friedrichshafen", "bufa_nr": "2861"}, {"name": "Finanzamt G\u00f6ppingen Au\u00dfenstelle Geislingen", "bufa_nr": "2862"}, {"name": "Finanzamt G\u00f6ppingen", "bufa_nr": "2863"}, {"name": "Finanzamt Heidenheim", "bufa_nr": "2864"}, {"name": "Finanzamt Heilbronn", "bufa_nr": "2865"}, {"name": "Finanzamt N\u00fcrtingen Au\u00dfenstelle Kirchheim", "bufa_nr": "2869"}, {"name": "Finanzamt Leonberg", "bufa_nr": "2870"}, {"name": "Finanzamt Ludwigsburg", "bufa_nr": "2871"}, {"name": "Finanzamt N\u00fcrtingen", "bufa_nr": "2874"}, {"name": "Finanzamt \u00d6hringen", "bufa_nr": "2876"}, {"name": "Finanzamt Ravensburg", "bufa_nr": "2877"}, {"name": "Finanzamt Reutlingen", "bufa_nr": "2878"}, {"name": "Finanzamt Biberach Au\u00dfenstelle Riedlingen", "bufa_nr": "2879"}, {"name": "Finanzamt Tauberbischofsheim", "bufa_nr": "2880"}, {"name": "Finanzamt Sigmaringen Au\u00dfenstelle Bad Saulgau", "bufa_nr": "2881"}, {"name": "Finanzamt Schorndorf", "bufa_nr": "2882"}, {"name": "Finanzamt Schw\u00e4bisch Gm\u00fcnd", "bufa_nr": "2883"}, {"name": "Finanzamt Schw\u00e4bisch Hall", "bufa_nr": "2884"}, {"name": "Finanzamt Sigmaringen", "bufa_nr": "2885"}, {"name": "Finanzamt T\u00fcbingen", "bufa_nr": "2886"}, {"name": "Finanzamt \u00dcberlingen (Bodensee)", "bufa_nr": "2887"}, {"name": "Finanzamt Ulm", "bufa_nr": "2888"}, {"name": "Finanzamt Bad Urach", "bufa_nr": "2889"}, {"name": "Finanzamt Waiblingen", "bufa_nr": "2890"}, {"name": "Finanzamt Wangen", "bufa_nr": "2891"}, {"name": "Finanzamt Stuttgart I", "bufa_nr": "2893"}, {"name": "Finanzamt Stuttgart II", "bufa_nr": "2895"}, {"name": "Finanzamt Stuttgart III", "bufa_nr": "2897"}, {"name": "Finanzamt Stuttgart-K\u00f6rpersch.", "bufa_nr": "2899"}]}, {"county_abbrevation": "by", "name": "Bayern", "tax_offices": [{"name": "Finanzamt Augsburg-Stadt Arbeitnehmerbereich (101)", "bufa_nr": "9101"}, {"name": "Finanzamt Augsburg-Land", "bufa_nr": "9102"}, {"name": "Finanzamt Augsburg-Stadt (103)", "bufa_nr": "9103"}, {"name": "Finanzamt Wolfratshausen - Bad T\u00f6lz (104)", "bufa_nr": "9104"}, {"name": "Finanzamt Berchtesgaden-Laufen", "bufa_nr": "9105"}, {"name": "Finanzamt Burghausen", "bufa_nr": "9106"}, {"name": "Finanzamt Dachau", "bufa_nr": "9107"}, {"name": "Finanzamt Deggendorf", "bufa_nr": "9108"}, {"name": "Finanzamt Dillingen", "bufa_nr": "9109"}, {"name": "Finanzamt Dingolfing", "bufa_nr": "9110"}, {"name": "Finanzamt N\u00f6rdlingen mit ASt Donauw\u00f6rth (111)", "bufa_nr": "9111"}, {"name": "Finanzamt Ebersberg", "bufa_nr": "9112"}, {"name": "Finanzamt Eggenfelden", "bufa_nr": "9113"}, {"name": "Finanzamt Erding", "bufa_nr": "9114"}, {"name": "Finanzamt Freising", "bufa_nr": "9115"}, {"name": "Finanzamt F\u00fcrstenfeldbruck", "bufa_nr": "9117"}, {"name": "Finanzamt Garmisch-Partenkirchen", "bufa_nr": "9119"}, {"name": "Finanzamt G\u00fcnzburg", "bufa_nr": "9121"}, {"name": "Finanzamt Kempten-Immenstadt (123)", "bufa_nr": "9123"}, {"name": "Finanzamt Ingolstadt", "bufa_nr": "9124"}, {"name": "Finanzamt Kaufbeuren m. ASt F\u00fcssen", "bufa_nr": "9125"}, {"name": "Finanzamt Kelheim", "bufa_nr": "9126"}, {"name": "Finanzamt Kempten-Immenstadt (127)", "bufa_nr": "9127"}, {"name": "Finanzamt Landsberg am Lech", "bufa_nr": "9131"}, {"name": "Finanzamt Landshut", "bufa_nr": "9132"}, {"name": "Finanzamt Lindau", "bufa_nr": "9134"}, {"name": "Finanzamt Memmingen-Mindelheim (138)", "bufa_nr": "9138"}, {"name": "Finanzamt Miesbach", "bufa_nr": "9139"}, {"name": "Finanzamt Memmingen-Mindelheim (140)", "bufa_nr": "9140"}, {"name": "Finanzamt M\u00fchldorf", "bufa_nr": "9141"}, {"name": "Finanzamt M\u00fcnchen (143) K\u00f6rperschaften/PersonenGesellschaften", "bufa_nr": "9143"}, {"name": "Finanzamt M\u00fcnchen (144) Gewinneink\u00fcnfte", "bufa_nr": "9144"}, {"name": "Finanzamt M\u00fcnchen (145) Gewinneink\u00fcnfte", "bufa_nr": "9145"}, {"name": "Finanzamt M\u00fcnchen (146) Gewinneink\u00fcnfte", "bufa_nr": "9146"}, {"name": "Finanzamt M\u00fcnchen (147) Gewinneink\u00fcnfte", "bufa_nr": "9147"}, {"name": "Finanzamt M\u00fcnchen (148) Gewinneink\u00fcnfte", "bufa_nr": "9148"}, {"name": "Finanzamt Neu-Ulm", "bufa_nr": "9151"}, {"name": "Finanzamt N\u00f6rdlingen mit ASt Donauw\u00f6rth (152)", "bufa_nr": "9152"}, {"name": "Finanzamt Passau mit Au\u00dfenstellen", "bufa_nr": "9153"}, {"name": "Finanzamt Pfaffenhofen", "bufa_nr": "9154"}, {"name": "Finanzamt Rosenheim m. ASt Wasserburg", "bufa_nr": "9156"}, {"name": "Finanzamt Grafenau", "bufa_nr": "9157"}, {"name": "Finanzamt Schrobenhausen m. ASt Neuburg", "bufa_nr": "9159"}, {"name": "Finanzamt Starnberg", "bufa_nr": "9161"}, {"name": "Finanzamt Straubing", "bufa_nr": "9162"}, {"name": "Finanzamt Traunstein", "bufa_nr": "9163"}, {"name": "Finanzamt Weilheim-Schongau", "bufa_nr": "9168"}, {"name": "Finanzamt Wolfratshausen - Bad T\u00f6lz (169)", "bufa_nr": "9169"}, {"name": "Finanzamt Zwiesel m. ASt Viechtach", "bufa_nr": "9170"}, {"name": "Finanzamt Eichst\u00e4tt", "bufa_nr": "9171"}, {"name": "Finanzamt M\u00fcnchen (181) \u00dcberschusseink\u00fcnfte", "bufa_nr": "9181"}, {"name": "Finanzamt M\u00fcnchen (182) \u00dcberschusseink\u00fcnfte u. Beschr\u00e4nkt Steuerpfl.", "bufa_nr": "9182"}, {"name": "Finanzamt M\u00fcnchen (183) \u00dcberschusseink\u00fcnfte", "bufa_nr": "9183"}, {"name": "Finanzamt M\u00fcnchen (184) \u00dcberschusseink\u00fcnfte", "bufa_nr": "9184"}, {"name": "Finanzamt M\u00fcnchen (185) \u00dcberschusseink\u00fcnfte", "bufa_nr": "9185"}, {"name": "Finanzamt Amberg", "bufa_nr": "9201"}, {"name": "Finanzamt Obernburg am Main mit Au\u00dfenstelle Amorbach", "bufa_nr": "9202"}, {"name": "Finanzamt Ansbach mit Au\u00dfenstellen", "bufa_nr": "9203"}, {"name": "Finanzamt Aschaffenburg", "bufa_nr": "9204"}, {"name": "Finanzamt Bad Kissingen", "bufa_nr": "9205"}, {"name": "Finanzamt Bad Neustadt a.d.S.", "bufa_nr": "9206"}, {"name": "Finanzamt Bamberg", "bufa_nr": "9207"}, {"name": "Finanzamt Bayreuth", "bufa_nr": "9208"}, {"name": "Finanzamt Cham mit Au\u00dfenstelle Bad K\u00f6tzting", "bufa_nr": "9211"}, {"name": "Finanzamt Coburg", "bufa_nr": "9212"}, {"name": "Finanzamt Erlangen", "bufa_nr": "9216"}, {"name": "Finanzamt Forchheim", "bufa_nr": "9217"}, {"name": "Finanzamt F\u00fcrth", "bufa_nr": "9218"}, {"name": "Finanzamt Gunzenhausen", "bufa_nr": "9220"}, {"name": "Finanzamt Hersbruck", "bufa_nr": "9221"}, {"name": "Finanzamt Hilpoltstein", "bufa_nr": "9222"}, {"name": "Finanzamt Hof mit Au\u00dfenstellen", "bufa_nr": "9223"}, {"name": "Finanzamt Kitzingen", "bufa_nr": "9227"}, {"name": "Finanzamt Kronach", "bufa_nr": "9228"}, {"name": "Finanzamt Kulmbach", "bufa_nr": "9229"}, {"name": "Finanzamt Lichtenfels", "bufa_nr": "9230"}, {"name": "Finanzamt Lohr a. Main mit Au\u00dfenstellen", "bufa_nr": "9231"}, {"name": "Finanzamt Lohr a. Main mit Au\u00dfenstellen - Grunderwerbsteuer", "bufa_nr": "9232"}, {"name": "Finanzamt Neumarkt i.d.Opf.", "bufa_nr": "9235"}, {"name": "Finanzamt N\u00fcrnberg-Nord", "bufa_nr": "9238"}, {"name": "Finanzamt N\u00fcrnberg-S\u00fcd", "bufa_nr": "9240"}, {"name": "Finanzamt N\u00fcrnberg-Zentral", "bufa_nr": "9241"}, {"name": "Finanzamt Regensburg", "bufa_nr": "9244"}, {"name": "Finanzamt Schwabach", "bufa_nr": "9247"}, {"name": "Finanzamt Schwandorf mit Au\u00dfenstelle Neunburg v. W.", "bufa_nr": "9248"}, {"name": "Finanzamt Schweinfurt", "bufa_nr": "9249"}, {"name": "Finanzamt Uffenheim", "bufa_nr": "9252"}, {"name": "Finanzamt Waldsassen", "bufa_nr": "9254"}, {"name": "Finanzamt Weiden i.d.Opf.", "bufa_nr": "9255"}, {"name": "Finanzamt W\u00fcrzburg mit Au\u00dfenstelle Ochsenfurt", "bufa_nr": "9257"}, {"name": "Finanzamt Wunsiedel mit Au\u00dfenstelle Selb", "bufa_nr": "9258"}, {"name": "Finanzamt Zeil am Main mit Au\u00dfenstelle Ebern", "bufa_nr": "9259"}]}, {"county_abbrevation": "be", "name": "Berlin", "tax_offices": [{"name": "Finanzamt Charlottenburg", "bufa_nr": "1113"}, {"name": "Finanzamt Friedrichshain-Kreuzberg", "bufa_nr": "1114"}, {"name": "Finanzamt Neuk\u00f6lln", "bufa_nr": "1116"}, {"name": "Finanzamt Reinickendorf", "bufa_nr": "1117"}, {"name": "Finanzamt Sch\u00f6neberg", "bufa_nr": "1118"}, {"name": "Finanzamt Spandau", "bufa_nr": "1119"}, {"name": "Finanzamt Steglitz", "bufa_nr": "1120"}, {"name": "Finanzamt Tempelhof", "bufa_nr": "1121"}, {"name": "Finanzamt Wedding", "bufa_nr": "1123"}, {"name": "Finanzamt Wilmersdorf", "bufa_nr": "1124"}, {"name": "Finanzamt Zehlendorf", "bufa_nr": "1125"}, {"name": "Finanzamt f\u00fcr K\u00f6rperschaften I", "bufa_nr": "1127"}, {"name": "Finanzamt f\u00fcr K\u00f6rperschaften III", "bufa_nr": "1129"}, {"name": "Finanzamt f\u00fcr K\u00f6rperschaften IV", "bufa_nr": "1130"}, {"name": "Finanzamt Prenzlauer Berg", "bufa_nr": "1131"}, {"name": "Finanzamt Lichtenberg", "bufa_nr": "1132"}, {"name": "Finanzamt Marzahn-Hellersdorf", "bufa_nr": "1133"}, {"name": "Finanzamt Mitte/Tiergarten", "bufa_nr": "1134"}, {"name": "Finanzamt Pankow/Wei\u00dfensee", "bufa_nr": "1135"}, {"name": "Finanzamt Treptow-K\u00f6penick", "bufa_nr": "1136"}, {"name": "Finanzamt f\u00fcr K\u00f6rperschaften II", "bufa_nr": "1137"}]}, {"county_abbrevation": "bb", "name": "Brandenburg", "tax_offices": [{"name": "Finanzamt Potsdam", "bufa_nr": "3046"}, {"name": "Finanzamt Brandenburg", "bufa_nr": "3048"}, {"name": "Finanzamt K\u00f6nigs Wusterhausen", "bufa_nr": "3049"}, {"name": "Finanzamt Luckenwalde", "bufa_nr": "3050"}, {"name": "Finanzamt Nauen", "bufa_nr": "3051"}, {"name": "Finanzamt Kyritz", "bufa_nr": "3052"}, {"name": "Finanzamt Oranienburg", "bufa_nr": "3053"}, {"name": "Finanzamt Cottbus", "bufa_nr": "3056"}, {"name": "Finanzamt Calau", "bufa_nr": "3057"}, {"name": "Finanzamt Frankfurt (Oder)", "bufa_nr": "3061"}, {"name": "Finanzamt Angerm\u00fcnde", "bufa_nr": "3062"}, {"name": "Finanzamt Strausberg", "bufa_nr": "3064"}, {"name": "Finanzamt Eberswalde", "bufa_nr": "3065"}]}, {"county_abbrevation": "hb", "name": "Bremen", "tax_offices": [{"name": "Finanzamt Bremen", "bufa_nr": "2460"}, {"name": "Finanzamt Bremerhaven", "bufa_nr": "2475"}, {"name": "Finanzamt Bremerhaven Arbeitnehmerbereich", "bufa_nr": "2485"}]}, {"county_abbrevation": "hh", "name": "Hamburg", "tax_offices": [{"name": "Finanzamt Hamburg-Nord (17)", "bufa_nr": "2217"}, {"name": "Finanzamt Hamburg f\u00fcr Gro\u00dfunternehmen in Hamburg", "bufa_nr": "2227"}, {"name": "Finanzamt Hamburg-Altona", "bufa_nr": "2241"}, {"name": "Finanzamt Hamburg-Am Tierpark", "bufa_nr": "2242"}, {"name": "Finanzamt Hamburg-Barmbek-Uhlenhorst", "bufa_nr": "2243"}, {"name": "Finanzamt Hamburg-Ost (44)", "bufa_nr": "2244"}, {"name": "Finanzamt Hamburg-Eimsb\u00fcttel", "bufa_nr": "2245"}, {"name": "Finanzamt Hamburg-Hansa", "bufa_nr": "2246"}, {"name": "Finanzamt Hamburg-Harburg", "bufa_nr": "2247"}, {"name": "Finanzamt Hamburg-Mitte", "bufa_nr": "2248"}, {"name": "Finanzamt Hamburg-Nord (49)", "bufa_nr": "2249"}, {"name": "Finanzamt Hamburg-Oberalster", "bufa_nr": "2250"}, {"name": "Finanzamt Hamburg-Ost (51)", "bufa_nr": "2251"}]}, {"county_abbrevation": "he", "name": "Hessen", "tax_offices": [{"name": "Finanzamt Alsfeld-Lauterbach Verwaltungsstelle Alsfeld", "bufa_nr": "2601"}, {"name": "Finanzamt Hersfeld-Rotenburg Verwaltungsstelle Bad Hersfeld", "bufa_nr": "2602"}, {"name": "Finanzamt Bad Homburg vor der H\u00f6he", "bufa_nr": "2603"}, {"name": "Finanzamt Rheingau-Taunus Verwaltungsstelle Bad Schwalbach", "bufa_nr": "2604"}, {"name": "Finanzamt Bensheim", "bufa_nr": "2605"}, {"name": "Finanzamt Marburg-Biedenkopf Verwaltungsstelle Biedenkopf", "bufa_nr": "2606"}, {"name": "Finanzamt Darmstadt", "bufa_nr": "2607"}, {"name": "Finanzamt Dieburg", "bufa_nr": "2608"}, {"name": "Finanzamt Dillenburg", "bufa_nr": "2609"}, {"name": "Finanzamt Eschwege-Witzenhausen Verwaltungsstelle Eschwege", "bufa_nr": "2610"}, {"name": "Finanzamt Korbach-Frankenberg Verwaltungsstelle Frankenberg", "bufa_nr": "2611"}, {"name": "Finanzamt Frankfurt am Main II", "bufa_nr": "2612"}, {"name": "Finanzamt Frankfurt am Main I", "bufa_nr": "2613"}, {"name": "Finanzamt Frankfurt am Main IV", "bufa_nr": "2614"}, {"name": "Finanzamt Frankfurt am Main V-H\u00f6chst Verwaltungsstelle H\u00f6chst -015-", "bufa_nr": "2615"}, {"name": "Finanzamt Friedberg (Hessen)", "bufa_nr": "2616"}, {"name": "Finanzamt Bensheim Au\u00dfenstelle F\u00fcrth", "bufa_nr": "2617"}, {"name": "Finanzamt Fulda", "bufa_nr": "2618"}, {"name": "Finanzamt Gelnhausen", "bufa_nr": "2619"}, {"name": "Finanzamt Gie\u00dfen", "bufa_nr": "2620"}, {"name": "Finanzamt Gro\u00df-Gerau", "bufa_nr": "2621"}, {"name": "Finanzamt Hanau", "bufa_nr": "2622"}, {"name": "Finanzamt Kassel II-Hofgeismar Verwaltungsstelle Hofgeismar", "bufa_nr": "2623"}, {"name": "Finanzamt Schwalm-Eder Verwaltungsstelle Fritzlar", "bufa_nr": "2624"}, {"name": "Finanzamt Kassel I", "bufa_nr": "2625"}, {"name": "Finanzamt Kassel II-Hofgeismar Verwaltungsstelle Kassel", "bufa_nr": "2626"}, {"name": "Finanzamt Korbach-Frankenberg Verwaltungsstelle Korbach", "bufa_nr": "2627"}, {"name": "Finanzamt Langen", "bufa_nr": "2628"}, {"name": "Finanzamt Alsfeld-Lauterbach Verwaltungsstelle Lauterbach", "bufa_nr": "2629"}, {"name": "Finanzamt Limburg-Weilburg Verwaltungsstelle Limburg", "bufa_nr": "2630"}, {"name": "Finanzamt Marburg-Biedenkopf Verwaltungsstelle Marburg", "bufa_nr": "2631"}, {"name": "Finanzamt Schwalm-Eder Verwaltungsstelle Melsungen", "bufa_nr": "2632"}, {"name": "Finanzamt Michelstadt", "bufa_nr": "2633"}, {"name": "Finanzamt Nidda", "bufa_nr": "2634"}, {"name": "Finanzamt Offenbach am Main I", "bufa_nr": "2635"}, {"name": "Finanzamt Hersfeld-Rotenburg Verwaltungsstelle Rotenburg", "bufa_nr": "2636"}, {"name": "Finanzamt Rheingau-Taunus Verwaltungsstelle R\u00fcdesheim", "bufa_nr": "2637"}, {"name": "Finanzamt Limburg-Weilburg Verwaltungsstelle Weilburg", "bufa_nr": "2638"}, {"name": "Finanzamt Wetzlar", "bufa_nr": "2639"}, {"name": "Finanzamt Wiesbaden I", "bufa_nr": "2640"}, {"name": "Finanzamt Eschwege-Witzenhausen Verwaltungsstelle Witzenhausen", "bufa_nr": "2641"}, {"name": "Finanzamt Schwalm-Eder Verwaltungsstelle Schwalmstadt", "bufa_nr": "2642"}, {"name": "Finanzamt Wiesbaden II", "bufa_nr": "2643"}, {"name": "Finanzamt Offenbach am Main II", "bufa_nr": "2644"}, {"name": "Finanzamt Frankfurt am Main III", "bufa_nr": "2645"}, {"name": "Finanzamt Hofheim am Taunus", "bufa_nr": "2646"}, {"name": "Finanzamt Frankfurt am Main V-H\u00f6chst Verwaltungsstelle Frankfurt -047-", "bufa_nr": "2647"}]}, {"county_abbrevation": "mv", "name": "Mecklenburg-Vorpommern", "tax_offices": [{"name": "Finanzamt Neubrandenburg - RIA (Rentenempf\u00e4nger im Ausland)", "bufa_nr": "4070"}, {"name": "Finanzamt Neubrandenburg", "bufa_nr": "4072"}, {"name": "Finanzamt Waren", "bufa_nr": "4075"}, {"name": "Finanzamt Rostock", "bufa_nr": "4079"}, {"name": "Finanzamt Wismar", "bufa_nr": "4080"}, {"name": "Finanzamt Ribnitz-Damgarten", "bufa_nr": "4081"}, {"name": "Finanzamt Stralsund", "bufa_nr": "4082"}, {"name": "Finanzamt Greifswald", "bufa_nr": "4084"}, {"name": "Finanzamt G\u00fcstrow", "bufa_nr": "4086"}, {"name": "Finanzamt Hagenow", "bufa_nr": "4087"}, {"name": "Finanzamt Schwerin", "bufa_nr": "4090"}]}, {"county_abbrevation": "nd", "name": "Niedersachsen", "tax_offices": [{"name": "Finanzamt Braunschweig-Altewiekring", "bufa_nr": "2313"}, {"name": "Finanzamt Braunschweig-Wilhelmstr.", "bufa_nr": "2314"}, {"name": "Finanzamt Buchholz in der Nordheide", "bufa_nr": "2315"}, {"name": "Finanzamt Burgdorf", "bufa_nr": "2316"}, {"name": "Finanzamt Celle", "bufa_nr": "2317"}, {"name": "Finanzamt Cuxhaven", "bufa_nr": "2318"}, {"name": "Finanzamt Gifhorn", "bufa_nr": "2319"}, {"name": "Finanzamt G\u00f6ttingen", "bufa_nr": "2320"}, {"name": "Finanzamt Goslar-Bad Gandersheim", "bufa_nr": "2321"}, {"name": "Finanzamt Hameln", "bufa_nr": "2322"}, {"name": "Finanzamt Hannover-Land I", "bufa_nr": "2323"}, {"name": "Finanzamt Hannover-Mitte", "bufa_nr": "2324"}, {"name": "Finanzamt Hannover-Nord", "bufa_nr": "2325"}, {"name": "Finanzamt Hannover-S\u00fcd", "bufa_nr": "2326"}, {"name": "Finanzamt Hannover-Land II", "bufa_nr": "2327"}, {"name": "Finanzamt Helmstedt", "bufa_nr": "2328"}, {"name": "Finanzamt Herzberg am Harz", "bufa_nr": "2329"}, {"name": "Finanzamt Hildesheim-Alfeld", "bufa_nr": "2330"}, {"name": "Finanzamt Holzminden", "bufa_nr": "2331"}, {"name": "Finanzamt L\u00fcneburg", "bufa_nr": "2333"}, {"name": "Finanzamt Nienburg/Weser", "bufa_nr": "2334"}, {"name": "Finanzamt Northeim", "bufa_nr": "2335"}, {"name": "Finanzamt Osterholz-Scharmbeck", "bufa_nr": "2336"}, {"name": "Finanzamt Peine", "bufa_nr": "2338"}, {"name": "Finanzamt Rotenburg (W\u00fcmme)", "bufa_nr": "2340"}, {"name": "Finanzamt Soltau", "bufa_nr": "2341"}, {"name": "Finanzamt Hannover-Land I Au\u00dfenstelle Springe", "bufa_nr": "2342"}, {"name": "Finanzamt Stade", "bufa_nr": "2343"}, {"name": "Finanzamt Stadthagen", "bufa_nr": "2344"}, {"name": "Finanzamt Sulingen", "bufa_nr": "2345"}, {"name": "Finanzamt Syke", "bufa_nr": "2346"}, {"name": "Finanzamt Uelzen-L\u00fcchow", "bufa_nr": "2347"}, {"name": "Finanzamt Verden (Aller)", "bufa_nr": "2348"}, {"name": "Finanzamt Weserm\u00fcnde", "bufa_nr": "2349"}, {"name": "Finanzamt Winsen (Luhe)", "bufa_nr": "2350"}, {"name": "Finanzamt Wolfenb\u00fcttel", "bufa_nr": "2351"}, {"name": "Finanzamt Zeven", "bufa_nr": "2352"}, {"name": "Finanzamt Papenburg", "bufa_nr": "2353"}, {"name": "Finanzamt Aurich", "bufa_nr": "2354"}, {"name": "Finanzamt Bad Bentheim", "bufa_nr": "2355"}, {"name": "Finanzamt Cloppenburg", "bufa_nr": "2356"}, {"name": "Finanzamt Delmenhorst", "bufa_nr": "2357"}, {"name": "Finanzamt Emden", "bufa_nr": "2358"}, {"name": "Finanzamt Leer (Ostfriesland)", "bufa_nr": "2360"}, {"name": "Finanzamt Lingen (Ems)", "bufa_nr": "2361"}, {"name": "Finanzamt Norden", "bufa_nr": "2362"}, {"name": "Finanzamt Nordenham", "bufa_nr": "2363"}, {"name": "Finanzamt Oldenburg (Oldenburg)", "bufa_nr": "2364"}, {"name": "Finanzamt Osnabr\u00fcck-Land", "bufa_nr": "2365"}, {"name": "Finanzamt Osnabr\u00fcck-Stadt", "bufa_nr": "2366"}, {"name": "Finanzamt Quakenbr\u00fcck", "bufa_nr": "2367"}, {"name": "Finanzamt Vechta", "bufa_nr": "2368"}, {"name": "Finanzamt Westerstede", "bufa_nr": "2369"}, {"name": "Finanzamt Wilhelmshaven", "bufa_nr": "2370"}, {"name": "Finanzamt Wittmund", "bufa_nr": "2371"}]}, {"county_abbrevation": "nw", "name": "Nordrhein-Westfalen", "tax_offices": [{"name": "Finanzamt Dinslaken", "bufa_nr": "5101"}, {"name": "Finanzamt Viersen", "bufa_nr": "5102"}, {"name": "Finanzamt D\u00fcsseldorf-Altstadt", "bufa_nr": "5103"}, {"name": "Finanzamt D\u00fcsseldorf-Nord", "bufa_nr": "5105"}, {"name": "Finanzamt D\u00fcsseldorf-S\u00fcd", "bufa_nr": "5106"}, {"name": "Finanzamt Duisburg-Hamborn", "bufa_nr": "5107"}, {"name": "Finanzamt Duisburg-S\u00fcd", "bufa_nr": "5109"}, {"name": "Finanzamt Essen-NordOst", "bufa_nr": "5111"}, {"name": "Finanzamt Essen-S\u00fcd", "bufa_nr": "5112"}, {"name": "Finanzamt Geldern", "bufa_nr": "5113"}, {"name": "Finanzamt Grevenbroich", "bufa_nr": "5114"}, {"name": "Finanzamt Kempen", "bufa_nr": "5115"}, {"name": "Finanzamt Kleve", "bufa_nr": "5116"}, {"name": "Finanzamt Krefeld", "bufa_nr": "5117"}, {"name": "Finanzamt Kamp-Lintfort", "bufa_nr": "5119"}, {"name": "Finanzamt M\u00fclheim an der Ruhr", "bufa_nr": "5120"}, {"name": "Finanzamt M\u00f6nchengladbach", "bufa_nr": "5121"}, {"name": "Finanzamt Neuss", "bufa_nr": "5122"}, {"name": "Finanzamt Oberhausen-Nord", "bufa_nr": "5123"}, {"name": "Finanzamt Oberhausen-S\u00fcd", "bufa_nr": "5124"}, {"name": "Finanzamt Remscheid", "bufa_nr": "5126"}, {"name": "Finanzamt Solingen", "bufa_nr": "5128"}, {"name": "Finanzamt Wesel", "bufa_nr": "5130"}, {"name": "Finanzamt Wuppertal-Barmen", "bufa_nr": "5131"}, {"name": "Finanzamt Wuppertal-Elberfeld", "bufa_nr": "5132"}, {"name": "Finanzamt D\u00fcsseldorf-Mitte", "bufa_nr": "5133"}, {"name": "Finanzamt Duisburg-West", "bufa_nr": "5134"}, {"name": "Finanzamt Hilden", "bufa_nr": "5135"}, {"name": "Finanzamt Velbert", "bufa_nr": "5139"}, {"name": "Finanzamt D\u00fcsseldorf-Mettmann", "bufa_nr": "5147"}, {"name": "Finanzamt Aachen-Stadt", "bufa_nr": "5201"}, {"name": "Finanzamt Aachen-Kreis", "bufa_nr": "5202"}, {"name": "Finanzamt Bergheim", "bufa_nr": "5203"}, {"name": "Finanzamt Bergisch Gladbach", "bufa_nr": "5204"}, {"name": "Finanzamt Bonn-Innenstadt", "bufa_nr": "5205"}, {"name": "Finanzamt Bonn-Au\u00dfenstadt", "bufa_nr": "5206"}, {"name": "Finanzamt D\u00fcren", "bufa_nr": "5207"}, {"name": "Finanzamt Erkelenz", "bufa_nr": "5208"}, {"name": "Finanzamt Euskirchen", "bufa_nr": "5209"}, {"name": "Finanzamt Geilenkirchen", "bufa_nr": "5210"}, {"name": "Finanzamt Schleiden", "bufa_nr": "5211"}, {"name": "Finanzamt Gummersbach", "bufa_nr": "5212"}, {"name": "Finanzamt J\u00fclich", "bufa_nr": "5213"}, {"name": "Finanzamt K\u00f6ln-Altstadt", "bufa_nr": "5214"}, {"name": "Finanzamt K\u00f6ln-Mitte", "bufa_nr": "5215"}, {"name": "Finanzamt K\u00f6ln-Porz", "bufa_nr": "5216"}, {"name": "Finanzamt K\u00f6ln-Nord", "bufa_nr": "5217"}, {"name": "Finanzamt K\u00f6ln-Ost", "bufa_nr": "5218"}, {"name": "Finanzamt K\u00f6ln-S\u00fcd", "bufa_nr": "5219"}, {"name": "Finanzamt Siegburg", "bufa_nr": "5220"}, {"name": "Finanzamt Wipperf\u00fcrth", "bufa_nr": "5221"}, {"name": "Finanzamt Sankt Augustin", "bufa_nr": "5222"}, {"name": "Finanzamt K\u00f6ln-West", "bufa_nr": "5223"}, {"name": "Finanzamt Br\u00fchl", "bufa_nr": "5224"}, {"name": "Finanzamt Leverkusen", "bufa_nr": "5230"}, {"name": "Finanzamt Ahaus", "bufa_nr": "5301"}, {"name": "Finanzamt Altena", "bufa_nr": "5302"}, {"name": "Finanzamt Arnsberg", "bufa_nr": "5303"}, {"name": "Finanzamt Beckum", "bufa_nr": "5304"}, {"name": "Finanzamt Bielefeld-Innenstadt", "bufa_nr": "5305"}, {"name": "Finanzamt Bochum-Mitte", "bufa_nr": "5306"}, {"name": "Finanzamt Borken", "bufa_nr": "5307"}, {"name": "Finanzamt Bottrop", "bufa_nr": "5308"}, {"name": "Finanzamt Brilon", "bufa_nr": "5309"}, {"name": "Finanzamt B\u00fcnde", "bufa_nr": "5310"}, {"name": "Finanzamt Steinfurt", "bufa_nr": "5311"}, {"name": "Finanzamt Coesfeld", "bufa_nr": "5312"}, {"name": "Finanzamt Detmold", "bufa_nr": "5313"}, {"name": "Finanzamt Dortmund-West", "bufa_nr": "5314"}, {"name": "Finanzamt Dortmund-H\u00f6rde", "bufa_nr": "5315"}, {"name": "Finanzamt Dortmund-Unna", "bufa_nr": "5316"}, {"name": "Finanzamt Dortmund-Ost", "bufa_nr": "5317"}, {"name": "Finanzamt Gelsenkirchen", "bufa_nr": "5319"}, {"name": "Finanzamt Hagen", "bufa_nr": "5321"}, {"name": "Finanzamt Hamm", "bufa_nr": "5322"}, {"name": "Finanzamt Hattingen", "bufa_nr": "5323"}, {"name": "Finanzamt Herford", "bufa_nr": "5324"}, {"name": "Finanzamt Herne", "bufa_nr": "5325"}, {"name": "Finanzamt H\u00f6xter", "bufa_nr": "5326"}, {"name": "Finanzamt Ibbenb\u00fcren", "bufa_nr": "5327"}, {"name": "Finanzamt Iserlohn", "bufa_nr": "5328"}, {"name": "Finanzamt Lemgo", "bufa_nr": "5329"}, {"name": "Finanzamt Lippstadt", "bufa_nr": "5330"}, {"name": "Finanzamt L\u00fcbbecke", "bufa_nr": "5331"}, {"name": "Finanzamt L\u00fcdenscheid", "bufa_nr": "5332"}, {"name": "Finanzamt L\u00fcdinghausen", "bufa_nr": "5333"}, {"name": "Finanzamt Meschede", "bufa_nr": "5334"}, {"name": "Finanzamt Minden", "bufa_nr": "5335"}, {"name": "Finanzamt M\u00fcnster-Au\u00dfenstadt", "bufa_nr": "5336"}, {"name": "Finanzamt M\u00fcnster-Innenstadt", "bufa_nr": "5337"}, {"name": "Finanzamt Olpe", "bufa_nr": "5338"}, {"name": "Finanzamt Paderborn", "bufa_nr": "5339"}, {"name": "Finanzamt Recklinghausen", "bufa_nr": "5340"}, {"name": "Finanzamt Schwelm", "bufa_nr": "5341"}, {"name": "Finanzamt Siegen", "bufa_nr": "5342"}, {"name": "Finanzamt Soest", "bufa_nr": "5343"}, {"name": "Finanzamt Warburg", "bufa_nr": "5345"}, {"name": "Finanzamt Warendorf", "bufa_nr": "5346"}, {"name": "Finanzamt Wiedenbr\u00fcck", "bufa_nr": "5347"}, {"name": "Finanzamt Witten", "bufa_nr": "5348"}, {"name": "Finanzamt Bielefeld-Au\u00dfenstadt", "bufa_nr": "5349"}, {"name": "Finanzamt Bochum-S\u00fcd", "bufa_nr": "5350"}, {"name": "Finanzamt G\u00fctersloh", "bufa_nr": "5351"}, {"name": "Finanzamt Marl", "bufa_nr": "5359"}]}, {"county_abbrevation": "rp", "name": "Rheinland-Pfalz", "tax_offices": [{"name": "Finanzamt Bad Neuenahr-Ahrweiler", "bufa_nr": "2701"}, {"name": "Finanzamt Altenkirchen-Hachenburg", "bufa_nr": "2702"}, {"name": "Finanzamt Bad Kreuznach", "bufa_nr": "2706"}, {"name": "Finanzamt Bingen-Alzey", "bufa_nr": "2708"}, {"name": "Finanzamt Idar-Oberstein", "bufa_nr": "2709"}, {"name": "Finanzamt Bitburg-Pr\u00fcm", "bufa_nr": "2710"}, {"name": "Finanzamt Kaiserslautern", "bufa_nr": "2719"}, {"name": "Finanzamt Koblenz", "bufa_nr": "2722"}, {"name": "Finanzamt Kusel-Landstuhl", "bufa_nr": "2723"}, {"name": "Finanzamt Landau", "bufa_nr": "2724"}, {"name": "Finanzamt Mainz", "bufa_nr": "2726"}, {"name": "Finanzamt Ludwigshafen", "bufa_nr": "2727"}, {"name": "Finanzamt Mayen", "bufa_nr": "2729"}, {"name": "Finanzamt Montabaur-Diez", "bufa_nr": "2730"}, {"name": "Finanzamt Neustadt", "bufa_nr": "2731"}, {"name": "Finanzamt Neuwied", "bufa_nr": "2732"}, {"name": "Finanzamt Pirmasens", "bufa_nr": "2735"}, {"name": "Finanzamt Simmern-Zell", "bufa_nr": "2740"}, {"name": "Finanzamt Speyer-Germersheim", "bufa_nr": "2741"}, {"name": "Finanzamt Trier", "bufa_nr": "2742"}, {"name": "Finanzamt Wittlich", "bufa_nr": "2743"}, {"name": "Finanzamt Worms-Kirchheimbolanden", "bufa_nr": "2744"}]}, {"county_abbrevation": "sl", "name": "Saarland", "tax_offices": [{"name": "Finanzamt Saarlouis", "bufa_nr": "1010"}, {"name": "Finanzamt Merzig", "bufa_nr": "1020"}, {"name": "Finanzamt Neunkirchen", "bufa_nr": "1030"}, {"name": "Finanzamt Saarbr\u00fccken Am Stadtgraben", "bufa_nr": "1040"}, {"name": "Finanzamt St. Wendel", "bufa_nr": "1060"}, {"name": "Finanzamt Saarbr\u00fccken Am Stadtgraben - Au\u00dfenst. Sulzbach", "bufa_nr": "1070"}, {"name": "Finanzamt Homburg", "bufa_nr": "1075"}, {"name": "Finanzamt Homburg - Au\u00dfenst. St. Ingbert", "bufa_nr": "1085"}, {"name": "Finanzamt Saarbr\u00fccken Am Stadtgraben - Au\u00dfenst. V\u00f6lklingen", "bufa_nr": "1090"}]}, {"county_abbrevation": "sn", "name": "Sachsen", "tax_offices": [{"name": "Finanzamt Dresden-Nord", "bufa_nr": "3202"}, {"name": "Finanzamt Dresden-S\u00fcd", "bufa_nr": "3203"}, {"name": "Finanzamt Bautzen", "bufa_nr": "3204"}, {"name": "Finanzamt G\u00f6rlitz", "bufa_nr": "3207"}, {"name": "Finanzamt L\u00f6bau", "bufa_nr": "3208"}, {"name": "Finanzamt Mei\u00dfen", "bufa_nr": "3209"}, {"name": "Finanzamt Pirna", "bufa_nr": "3210"}, {"name": "Finanzamt Hoyerswerda", "bufa_nr": "3213"}, {"name": "Finanzamt Chemnitz-S\u00fcd", "bufa_nr": "3214"}, {"name": "Finanzamt Chemnitz-Mitte", "bufa_nr": "3215"}, {"name": "Finanzamt Annaberg", "bufa_nr": "3217"}, {"name": "Finanzamt Schwarzenberg", "bufa_nr": "3218"}, {"name": "Finanzamt Freiberg", "bufa_nr": "3220"}, {"name": "Finanzamt Mittweida", "bufa_nr": "3222"}, {"name": "Finanzamt Plauen", "bufa_nr": "3223"}, {"name": "Finanzamt Stollberg", "bufa_nr": "3224"}, {"name": "Finanzamt Zwickau", "bufa_nr": "3227"}, {"name": "Finanzamt Zschopau", "bufa_nr": "3228"}, {"name": "Finanzamt Leipzig II", "bufa_nr": "3231"}, {"name": "Finanzamt Leipzig I", "bufa_nr": "3232"}, {"name": "Finanzamt D\u00f6beln", "bufa_nr": "3236"}, {"name": "Finanzamt Eilenburg", "bufa_nr": "3237"}, {"name": "Finanzamt Grimma", "bufa_nr": "3238"}, {"name": "Finanzamt Oschatz", "bufa_nr": "3239"}]}, {"county_abbrevation": "st", "name": "Sachsen-Anhalt", "tax_offices": [{"name": "Finanzamt Magdeburg", "bufa_nr": "3102"}, {"name": "Finanzamt Genthin", "bufa_nr": "3103"}, {"name": "Finanzamt Haldensleben", "bufa_nr": "3105"}, {"name": "Finanzamt Salzwedel", "bufa_nr": "3106"}, {"name": "Finanzamt Sta\u00dffurt", "bufa_nr": "3107"}, {"name": "Finanzamt Stendal", "bufa_nr": "3108"}, {"name": "Finanzamt Halle (Saale)", "bufa_nr": "3110"}, {"name": "Finanzamt Merseburg", "bufa_nr": "3112"}, {"name": "Finanzamt Dessau-Ro\u00dflau", "bufa_nr": "3114"}, {"name": "Finanzamt Wittenberg", "bufa_nr": "3115"}, {"name": "Finanzamt Bitterfeld-Wolfen", "bufa_nr": "3116"}, {"name": "Finanzamt Quedlinburg", "bufa_nr": "3117"}, {"name": "Finanzamt Eisleben", "bufa_nr": "3118"}, {"name": "Finanzamt Naumburg", "bufa_nr": "3119"}]}, {"county_abbrevation": "sh", "name": "Schleswig-Holstein", "tax_offices": [{"name": "Finanzamt Bad Segeberg", "bufa_nr": "2111"}, {"name": "Finanzamt Elmshorn", "bufa_nr": "2113"}, {"name": "Finanzamt Flensburg", "bufa_nr": "2115"}, {"name": "Finanzamt Dithmarschen", "bufa_nr": "2116"}, {"name": "Finanzamt Nordfriesland", "bufa_nr": "2117"}, {"name": "Finanzamt Itzehoe", "bufa_nr": "2118"}, {"name": "Finanzamt Kiel", "bufa_nr": "2120"}, {"name": "Finanzamt L\u00fcbeck", "bufa_nr": "2122"}, {"name": "Finanzamt Neum\u00fcnster", "bufa_nr": "2124"}, {"name": "Finanzamt Ostholstein", "bufa_nr": "2125"}, {"name": "Finanzamt Pl\u00f6n", "bufa_nr": "2126"}, {"name": "Finanzamt Ratzeburg", "bufa_nr": "2127"}, {"name": "Finanzamt Rendsburg", "bufa_nr": "2128"}, {"name": "Finanzamt Eckernf\u00f6rde-Schleswig", "bufa_nr": "2129"}, {"name": "Finanzamt Stormarn", "bufa_nr": "2130"}, {"name": "Finanzamt Pinneberg", "bufa_nr": "2131"}]}, {"county_abbrevation": "th", "name": "Th\u00fcringen", "tax_offices": [{"name": "Finanzamt Erfurt", "bufa_nr": "4151"}, {"name": "Finanzamt Ilmenau", "bufa_nr": "4154"}, {"name": "Finanzamt Eisenach", "bufa_nr": "4155"}, {"name": "Finanzamt Gotha", "bufa_nr": "4156"}, {"name": "Finanzamt M\u00fchlhausen", "bufa_nr": "4157"}, {"name": "Finanzamt Sondershausen", "bufa_nr": "4159"}, {"name": "Finanzamt Gera", "bufa_nr": "4161"}, {"name": "Finanzamt Jena", "bufa_nr": "4162"}, {"name": "Finanzamt P\u00f6\u00dfneck", "bufa_nr": "4165"}, {"name": "Finanzamt Altenburg", "bufa_nr": "4166"}, {"name": "Finanzamt Sonneberg", "bufa_nr": "4170"}, {"name": "Finanzamt Suhl", "bufa_nr": "4171"}]}]}